"label","no_importa","no_importa_1","no_importa_2","no_importa_3","text"
"0","1467861095","Mon Apr 06 22:32:54 PDT 2009","NO_QUERY","bluepaintred","too worried and tired to post tonight "
"0","1467861413","Mon Apr 06 22:32:58 PDT 2009","NO_QUERY","AmyJade","couldn't get shit done today ~ i'm so screwed "
"4","1467861522","Mon Apr 06 22:33:00 PDT 2009","NO_QUERY","bovinemammal","Job Interview in Cardiff today, wish me luck! Got about 3 hours sleep "
"2","1467861571","Mon Apr 06 22:33:01 PDT 2009","NO_QUERY","jessejoseph","@stustone Your show is whack. Way worse than whack, it's wiggety-whack.    :*(:*(:*("
"2","1467862213","Mon Apr 06 22:33:11 PDT 2009","NO_QUERY","lennytoups","@DjAlizay I really don't think people choose to be that way. But I think he chose not to accept my family's help   He might be dead by now"
"4","1467862313","Mon Apr 06 22:33:13 PDT 2009","NO_QUERY","paulverhoeven","@eloquentembrace You're going to kill me, but I've not seen DS9. I've been waiting till I can do it in one solid week sitting. "
"2","1467862355","Mon Apr 06 22:33:13 PDT 2009","NO_QUERY","Britty88","@cheechbud i think ur right!! hahaha!! 4.5 hrs now!! "
"4","1467862411","Mon Apr 06 22:33:16 PDT 2009","NO_QUERY","stephaniekmusic","i hate to see the spartans so sad "
"2","1467862710","Mon Apr 06 22:33:20 PDT 2009","NO_QUERY","Jemimus","My mind and body are severely protesting this &quot;getting up&quot;  thing. Had nightmares to boot "
"4","1467862806","Mon Apr 06 22:33:21 PDT 2009","NO_QUERY","Sweetpineapple","@MySteezRadio I'm goin' to follow u, since u didn't  LOL  GO ANGELS!"
"0","1467863072","Mon Apr 06 22:33:25 PDT 2009","NO_QUERY","Artiel87","@mandayyy "
"4","1467863415","Mon Apr 06 22:33:31 PDT 2009","NO_QUERY","treehugger25","@twista202 I think I want to read some books but the library doesn't have them "
"0","1467863507","Mon Apr 06 22:33:32 PDT 2009","NO_QUERY","Mirlina","My nap was interrupted so many times today  Going out for Japanese with the 'rents again..."
"2","1467863508","Mon Apr 06 22:33:32 PDT 2009","NO_QUERY","g_rose86","Kind of longs for the bus that shows up at the end of Ghost World right now. Ugh. "
"2","1467863633","Mon Apr 06 22:33:34 PDT 2009","NO_QUERY","omgseriouslywtf","@GuruMN but this is canada  canada is weird. we're supposed to get snow through wednesday. ugh."
"0","1467863684","Mon Apr 06 22:33:35 PDT 2009","NO_QUERY","DjGundam","Awwh babs... you look so sad underneith that shop entrance of &quot;Yesterday's Musik&quot;  O-: I like the look of the new transformer movie "
"0","1467863716","Mon Apr 06 22:33:35 PDT 2009","NO_QUERY","stacyc37","sad that the 'feet' of my macbook just fell off "
"2","1467864250","Mon Apr 06 22:33:44 PDT 2009","NO_QUERY","Alp0","I'm gonna get up late tomorrow and it's 132am here. I gonna get tipsy by my lonesome. That's...that's just sad "
"0","1467870864","Mon Apr 06 22:35:29 PDT 2009","NO_QUERY","TheDCD","I'm sweating my forthcoming trip to E3.  If I can't find someone to crash with while I'm out there, I may be screwed.  "
"2","1467870866","Mon Apr 06 22:35:29 PDT 2009","NO_QUERY","DrewKatavich","Has now gotten somebody to read his tweets, but cant get them to make an account. "
"4","1467871007","Mon Apr 06 22:35:31 PDT 2009","NO_QUERY","tinyvamp","@infinitydefines  omgawd i couldnt handle my cat being in heat all the time D: D:"
"0","1467871040","Mon Apr 06 22:35:31 PDT 2009","NO_QUERY","MTLarson1224","@DonnieWahlberg I hope i can make it to the auburn show. but its not looking good for me "
"2","1467871223","Mon Apr 06 22:35:35 PDT 2009","NO_QUERY","vcf2","@David_Henrie *thats people mag haha i couldnt fit it all in.. i dont think those pictures ever made it in the magazine tho!  haha"
"2","1467871226","Mon Apr 06 22:35:36 PDT 2009","NO_QUERY","thinkingmama","@breadandbadger Congrats!!  i totally forgot to submit photos "
"4","1467871545","Mon Apr 06 22:35:40 PDT 2009","NO_QUERY","Cherye101","@PaulaAbdul awww, Good luck Paula!! Please don't work too hard  but I hope you have fun  Your new album is gonna be amazing!  xxx"
"0","1467871552","Mon Apr 06 22:35:40 PDT 2009","NO_QUERY","nataleyritter","@imaginarypeach now your leaving me  .... -gets sad-"
"0","1467871661","Mon Apr 06 22:35:41 PDT 2009","NO_QUERY","ciairuhh","I miss you twitter. My phone broke, now I'm using a stupid Nokia phone. Ughhh, I miss my advance phone. "
"0","1467871754","Mon Apr 06 22:35:43 PDT 2009","NO_QUERY","sarahdesjardins","SHOOTING OUTSIDE MY HOUSE :O NOT KIDDING! So SCARED "
"4","1467871844","Mon Apr 06 22:35:44 PDT 2009","NO_QUERY","larsgunnarf","Tuesday�ll start with reflection �n then a lecture in Stress reducing techniques. That sure might become very useful for us accompaniers "
"0","1467871917","Mon Apr 06 22:35:46 PDT 2009","NO_QUERY","Lvonhusen","What tragedy and disaster in the news this week "
"2","1467871956","Mon Apr 06 22:35:46 PDT 2009","NO_QUERY","TimelessAKA","yes yes still trying to find a picture that will upload correclty.. "
"0","1467872136","Mon Apr 06 22:35:51 PDT 2009","NO_QUERY","jinnah","Why oh why was the Red Sox game rained out? I was so looking forward to opening day "
"0","1467872175","Mon Apr 06 22:35:50 PDT 2009","NO_QUERY","edsed","I still can't find my keys. "
"4","1467872181","Mon Apr 06 22:35:50 PDT 2009","NO_QUERY","admdrw","@charlietm I know right. I dunno what is going on with twitter. "
"0","1467872218","Mon Apr 06 22:35:50 PDT 2009","NO_QUERY","Loreinski","might be getting a sore throat again "
"0","1467872247","Mon Apr 06 22:35:51 PDT 2009","NO_QUERY","OhShayLaVie","@labelsnotlove   my home town. My mammy called all depressd.  Pls explain y a parent let their 8yr old child walk alone? Hello? Its 2009!"
"0","1467872309","Mon Apr 06 22:35:51 PDT 2009","NO_QUERY","dossy","@ircmaxell - I think I need to find better anti-depressants.  I think this Paxil/Wellbutrin combo is losing its efficacy.  "
"4","1467872355","Mon Apr 06 22:35:52 PDT 2009","NO_QUERY","bigwillthechamp","@MyConnecticut Restaurant called WoodNTap has competitive eating tourney round tourney time. We place 2nd "
"2","1467872594","Mon Apr 06 22:35:56 PDT 2009","NO_QUERY","MalloryLe","is in the bathroom... wake up lakin. "
"0","1467872638","Mon Apr 06 22:35:59 PDT 2009","NO_QUERY","courtosullivan","@CaitlinOConnor i want tacos and margarhitas  telll gay i say hello&lt;3"
"0","1467872759","Mon Apr 06 22:35:59 PDT 2009","NO_QUERY","Augustina22CA","im lonely  keep me company! 22 female, california"
"0","1467872940","Mon Apr 06 22:36:02 PDT 2009","NO_QUERY","sdcoyle","bad day at the betfair office "
"4","1467873004","Mon Apr 06 22:36:03 PDT 2009","NO_QUERY","omgitsjo","I miss him.  Can't wait to celebrate the Tar Heel win this weekend though!!"
"2","1467873227","Mon Apr 06 22:36:06 PDT 2009","NO_QUERY","catrienmaxwell","I'm really cold. I don't want to go to sleep yet but there's nothing to do "
"0","1467873256","Mon Apr 06 22:36:06 PDT 2009","NO_QUERY","nicci718","@kristencampisi is this it 4 u? Its ' officially over ' 4 me this go round! "
"0","1467873467","Mon Apr 06 22:36:10 PDT 2009","NO_QUERY","meganminesinger","monkeys??? i just found out you my twin and you wont even write back.  i'm heartbroken"
"0","1467873592","Mon Apr 06 22:36:15 PDT 2009","NO_QUERY","nicole___","@miss_om Aww  I know I felt like that yesterday at work "
"2","1467873828","Mon Apr 06 22:36:16 PDT 2009","NO_QUERY","JBarrick","@SarahReedSC treaty isn't defined "
"2","1467873980","Mon Apr 06 22:36:19 PDT 2009","NO_QUERY","gregcronin","missed Brent at praise band.   No fun to not have the your lead guitarist.  &lt;pout&gt;"
"4","1467874103","Mon Apr 06 22:36:20 PDT 2009","NO_QUERY","Lisaherrity","@jpfurry poor john  this is what happens when you play with fruit and a microwave! Seriously though HAVE you seen a doctor?? Xxx"
"0","1467874479","Mon Apr 06 22:36:26 PDT 2009","NO_QUERY","princessseli","Missing My BFF  watching home and away it reminds me of her and me  we &lt;3 It. shout out to u courts"
"2","1467874569","Mon Apr 06 22:36:27 PDT 2009","NO_QUERY","Artiel87","@mandayyy   "
"2","1467874916","Mon Apr 06 22:36:33 PDT 2009","NO_QUERY","jasminpatry","New video card is DOA. "
"0","1467875163","Mon Apr 06 22:36:38 PDT 2009","NO_QUERY","saraguilford12","feeling lost, naked and confused (JK, sort of).....no iphone for me. "
"0","1467875208","Mon Apr 06 22:36:39 PDT 2009","NO_QUERY","realin","Damn i am so late at filling this appraisal form, people have almost sent it .. i was so occupied in work "
"0","1467875930","Mon Apr 06 22:36:51 PDT 2009","NO_QUERY","gregcronin","missed Brent at praise band.  No fun to not have your lead guitarist. &lt;pout&gt;"
"0","1467876016","Mon Apr 06 22:36:52 PDT 2009","NO_QUERY","Steponme2418","i think to much on the past. i cant change it. i deserved so much more then wat i got. ..but why am i still thinking about him  gah"
"0","1467876133","Mon Apr 06 22:36:54 PDT 2009","NO_QUERY","benboarder","has lost his ring. It's no-where to be seen "
"0","1467876652","Mon Apr 06 22:37:03 PDT 2009","NO_QUERY","SupernovaGirl","@burgaw Ooooooh! *sealclap* See, I download shitloads of zip folders off 4chan. I have no internet moneys.  FUCK YEAH ALICIA &amp; MIKEY."
"4","1467876711","Mon Apr 06 22:37:04 PDT 2009","NO_QUERY","latoyanlegania","Is still nursing my Nile but glad he is feeling better. I hate when my baby is sick "
"0","1467876944","Mon Apr 06 22:37:07 PDT 2009","NO_QUERY","taspence","Is fucked to go back to IC "
"2","1467877496","Mon Apr 06 22:37:16 PDT 2009","NO_QUERY","lizzzzlemon","@Brandizzzle08 yoyoyo. my internet has been rude tonight. it JUST reconnected and I'm about to go to bed. "
"0","1467877833","Mon Apr 06 22:37:22 PDT 2009","NO_QUERY","russbaker","@jemcam well i have uni stuff and netball  but after netbal if i've done uni stuff we can"
"2","1467877865","Mon Apr 06 22:37:23 PDT 2009","NO_QUERY","hypnoticzexy","@kissability Me too I is poor "
"2","1467878057","Mon Apr 06 22:37:26 PDT 2009","NO_QUERY","debbieseraphina","help me forget 8th april &amp; 13th july! "
"0","1467878557","Mon Apr 06 22:37:36 PDT 2009","NO_QUERY","tshamysboo","dierks bentley is comin' to columbus, OH!! i wanna go so bad "
"2","1467878633","Mon Apr 06 22:37:35 PDT 2009","NO_QUERY","husqvarna","i have to take my sidekick back. "
"4","1467878929","Mon Apr 06 22:37:40 PDT 2009","NO_QUERY","VirtueIMC","@chriscantore congrats! I'm totally jealous! only wish my XM was working "
"2","1467878971","Mon Apr 06 22:37:41 PDT 2009","NO_QUERY","godzgurl","gr8t my face is very itchy "
"4","1467878983","Mon Apr 06 22:37:41 PDT 2009","NO_QUERY","dancingmanikin","poor socks  luvvvvv the golden retriever!! I want one sighhhh"
"0","1467879203","Mon Apr 06 22:37:44 PDT 2009","NO_QUERY","iggyp","I just saw that they found that Tracy girl in a piece of luggage... How fucking terrible "
"0","1467879314","Mon Apr 06 22:37:46 PDT 2009","NO_QUERY","sarochka","Aaaaand the nausea is back. "
"2","1467879328","Mon Apr 06 22:37:46 PDT 2009","NO_QUERY","flowerlilly","@DonnieWahlberg ooh I�m excited and not even going 2 be there  long love YOUTUBE!"
"0","1467879480","Mon Apr 06 22:37:49 PDT 2009","NO_QUERY","themangoman","spent 1 hour to reach to Axis bank only to find out today is holiday for Mahavir Jayanti  contd.."
"0","1467879984","Mon Apr 06 22:37:57 PDT 2009","NO_QUERY","marybacchus","@mathewsmichael  i agree... the jobros dont update theres very often "
"2","1467880085","Mon Apr 06 22:37:59 PDT 2009","NO_QUERY","bliumchik","@fishmouse it is hilarious and I linked the clip from LJ some time ago but when I went back just now it was a dead link "
"2","1467880431","Mon Apr 06 22:38:04 PDT 2009","NO_QUERY","finnsig","@DiannePulham OOOOOOOO who with? (im not neither but thats because i need to study  )"
"4","1467880442","Mon Apr 06 22:38:04 PDT 2009","NO_QUERY","iCalvin","Haven't tweeted nearly all day  Posted my website tonight, hopefully that goes well  Night time!"
"0","1467880463","Mon Apr 06 22:38:04 PDT 2009","NO_QUERY","sammysokol","@bostongarden I miss bentley "
"2","1467880692","Mon Apr 06 22:38:08 PDT 2009","NO_QUERY","JWard86","seriously needs to finish these job applications "
"4","1467881131","Mon Apr 06 22:38:14 PDT 2009","NO_QUERY","dgvirtual","My son Vincas is sick, so I stay at home  Just three tense days at work, and I am back on holiday with kids"
"2","1467881373","Mon Apr 06 22:38:18 PDT 2009","NO_QUERY","ForzaRagazza","Whinging. My client&amp;boss don't understand English well. Rewrote some text unreadable. It's written by v. good writer&amp;reviewed correctly. "
"0","1467881376","Mon Apr 06 22:38:20 PDT 2009","NO_QUERY","jasminedesiree","@huntermoore I don't want him to ever punch me.  "
"0","1467881457","Mon Apr 06 22:38:20 PDT 2009","NO_QUERY","kortt","sooo sick of the snow  ughh"
"2","1467881474","Mon Apr 06 22:38:20 PDT 2009","NO_QUERY","__Susan__","@ITS_NEMESIS ------- "
"2","1467881686","Mon Apr 06 22:38:24 PDT 2009","NO_QUERY","aoski","@LoveMeagan it doesn't work your fan is upset "
"2","1467881809","Mon Apr 06 22:38:26 PDT 2009","NO_QUERY","wcarss","I would like to apologize for the repeated Video Games Live related tweets. I am going to have a stern discussion with Koodo soon. Stern. "
"2","1467881897","Mon Apr 06 22:38:30 PDT 2009","NO_QUERY","drtaru","@zaydia but i cant figure out how to get there / back / pay for a hotel etc "
"0","1467881920","Mon Apr 06 22:38:28 PDT 2009","NO_QUERY","mumu1210","FML: So much for seniority, bc of technological ineptness, I now have to &quot;register&quot; for classes AGAIN "
"0","1467882140","Mon Apr 06 22:38:32 PDT 2009","NO_QUERY","nyracat","feels like she slept the day away.    Not looking forward to any more bouts with my gallbladder.  At least I have pills now for the pain."
"0","1467882491","Mon Apr 06 22:38:37 PDT 2009","NO_QUERY","Stereo_Skyline","@ThaStevieG but what I really want is my old bass back "
"2","1467882592","Mon Apr 06 22:38:39 PDT 2009","NO_QUERY","veelishus","Mad tired today... Callin it in early tonight  nighty night twittas"
"4","1467882902","Mon Apr 06 22:38:44 PDT 2009","NO_QUERY","usagiko","@LevenRambin: Take it easy, and be good to you. "
"0","1467888679","Mon Apr 06 22:40:15 PDT 2009","NO_QUERY","weisenly","I'm afraid I had bad code. "
"2","1467888732","Mon Apr 06 22:40:18 PDT 2009","NO_QUERY","ChrisJNewman","Think I'm going to bed. Goodniight. I hate this "
"4","1467888953","Mon Apr 06 22:40:20 PDT 2009","NO_QUERY","stefanip","@riancurtis  i'm here, friend, and i love you."
"2","1467889231","Mon Apr 06 22:40:24 PDT 2009","NO_QUERY","luannem","@kariajay  All this time you didn't notice I was gone...just needed DB2 is it??"
"4","1467889251","Mon Apr 06 22:40:24 PDT 2009","NO_QUERY","krissivee","@aaronrva is in the bathroom and i have to pee!    "
"4","1467889334","Mon Apr 06 22:40:26 PDT 2009","NO_QUERY","Angela004","@ashleyskyy but I wanted a margarita too! "
"2","1467889574","Mon Apr 06 22:40:30 PDT 2009","NO_QUERY","Nrose09","@KourtneyKardash yup night workouts r the worst but unfortunetly my work schedule only allows me to go at night  its tough!"
"2","1467912842","Mon Apr 06 22:46:53 PDT 2009","NO_QUERY","KimberlyKane","@danadearmond "
"4","1467912994","Mon Apr 06 22:46:55 PDT 2009","NO_QUERY","missolivee","anyone who reads this pray for my Grandma. She's in pain "
"2","1467913111","Mon Apr 06 22:46:57 PDT 2009","NO_QUERY","nssmom","#3 woke up and was having an accident - &quot;It's pushing, it's pushing!&quot; he was crying because he couldn't stop from wetting his pants.  "
"2","1467913608","Mon Apr 06 22:47:05 PDT 2009","NO_QUERY","qsexy","Home from Franklin street, I almost jumped over a fire. Someone kicked it before I could.  Jenny lost her shoe."
"4","1467914434","Mon Apr 06 22:47:22 PDT 2009","NO_QUERY","anaxxx04","@johnnybeane hey! you just changed your default. "
"2","1467914499","Mon Apr 06 22:47:21 PDT 2009","NO_QUERY","yaaritemuna","Finally gave in and was bored enough to start this thing. I think the 140 is going to be a problem for me tho.  its like a myspace status."
"4","1467914916","Mon Apr 06 22:47:28 PDT 2009","NO_QUERY","silverytides","@ellievolia If oooonly we were really so lucky, eh? And awh  Definitely too early for work."
"0","1467915140","Mon Apr 06 22:47:32 PDT 2009","NO_QUERY","valthatgal","buttload of homework! "
"0","1467915612","Mon Apr 06 22:47:40 PDT 2009","NO_QUERY","f8al","needs another copy of visual studio 2008 "
"4","1467915670","Mon Apr 06 22:47:41 PDT 2009","NO_QUERY","lizziehalfpenny","why to we, the only school in the world, be in this week.My school is silly  anyway... look on the bright side. When i'm off, u will be in"
"2","1467916510","Mon Apr 06 22:47:56 PDT 2009","NO_QUERY","Daniiej","omg i've an economics test. and i dont know all the things i have to know and omg im gonna fail "
"0","1467916595","Mon Apr 06 22:47:58 PDT 2009","NO_QUERY","LaTtEX","@robcthegeek Once upon a time Hundred Islands was the pride of Philippine tourism, but coral/clam/rare fish poaching did it in. Kinda sad "
"0","1467916695","Mon Apr 06 22:48:00 PDT 2009","NO_QUERY","wireandroses","@Henkuyinepu yeah, apparently i have really bad taste "
"4","1467916700","Mon Apr 06 22:48:00 PDT 2009","NO_QUERY","EricaLeigh777","@hummiemd I KNOW! I was really surprised since everyone recommends them on youtube.  I have to call them tomorrow and figure it all out."
"0","1467916820","Mon Apr 06 22:48:02 PDT 2009","NO_QUERY","dini123","Waiting at the airport for my ride while I get harassed by 2 men trying to sell me ugly hats.. Why me?!  I just want to sleep.."
"0","1467916841","Mon Apr 06 22:48:02 PDT 2009","NO_QUERY","danadearmond","i left my IDs at the location and now i can not go out to bars  FUCKKKKKKKKKKKKK"
"2","1467916851","Mon Apr 06 22:48:03 PDT 2009","NO_QUERY","digitales","@celycarmo i'm sorry I don't understand your last comment "
"4","1467916959","Mon Apr 06 22:48:04 PDT 2009","NO_QUERY","_emmajane_","@OfficialRandL when is the announcement? i stayed up late last night "
"0","1467917177","Mon Apr 06 22:48:08 PDT 2009","NO_QUERY","nchokkan","@KishoreK this is strange, illegal torrents avlbl everywhere, legal DVD not in stock  What do I do now???"
"4","1467917302","Mon Apr 06 22:48:10 PDT 2009","NO_QUERY","dmjc","ITS NOT ENOUGH TO SAY THAT IMISS U "
"2","1467917484","Mon Apr 06 22:48:13 PDT 2009","NO_QUERY","FuzzyPandaButt","This trolley has up packed in like sardines! Padre game and they REMOVE a car?! Good call MTS "
"2","1467917499","Mon Apr 06 22:48:14 PDT 2009","NO_QUERY","VictoriaBahar","@RandomlyNat Jeez, I was just trying to help  Haha."
"2","1467917718","Mon Apr 06 22:48:17 PDT 2009","NO_QUERY","beccaomgz","@SupaMagg that happened to me saturday night. along with my glittery green lighter! "
"4","1467917800","Mon Apr 06 22:48:19 PDT 2009","NO_QUERY","Sarinluck","trying to reduce the number of cigarettes in each day! "
"0","1467918015","Mon Apr 06 22:48:23 PDT 2009","NO_QUERY","Kayla_Ann09","yea it is so quiet around here cuz everyone has to work im bored to death with nobody to talk to "
"2","1467918552","Mon Apr 06 22:48:32 PDT 2009","NO_QUERY","AimeePonticello","gotta do my cooking assignment  its too hard"
"2","1467918560","Mon Apr 06 22:48:32 PDT 2009","NO_QUERY","jkenneth","@treesahquiche okay, about the applepears, I've talked to a few people and they've ALL had them before. No one ever told me, never "
"4","1467918682","Mon Apr 06 22:48:34 PDT 2009","NO_QUERY","Lindsey_","@jennifermf I know!  I'm a night owl by nature, hahaha Am I a time zone behind you? It's almost 1 here"
"4","1467918728","Mon Apr 06 22:48:35 PDT 2009","NO_QUERY","TidyCat","@mamasvan lol - nope! but i did have complete #camerafail "
"2","1467918812","Mon Apr 06 22:48:37 PDT 2009","NO_QUERY","FaithfulChosen","@maxime68 @megelder But! I'm useless if I don't sleep  It's not fair! I want all the fun as well!!!"
"0","1467918850","Mon Apr 06 22:48:38 PDT 2009","NO_QUERY","sthrn_belle","My Pookie has a UTI.  I have to be Nurse Gabbie and get him back to 100%!!! No more sodas!!!!!!!!!!!!!!"
"0","1467919055","Mon Apr 06 22:48:42 PDT 2009","NO_QUERY","Jeffficus","@jillianfish tweet something damn it!  and hang out with me please? "
"2","1467919452","Mon Apr 06 22:48:48 PDT 2009","NO_QUERY","jtmal0723","@anistorm "
"2","1467919538","Mon Apr 06 22:48:50 PDT 2009","NO_QUERY","ubecupcake","I'm SO behind in video games, and everything for that matter. I'm yesterday's news "
"2","1467919762","Mon Apr 06 22:48:53 PDT 2009","NO_QUERY","Properteacup","@sleep_til_noon I did, it was the only one left but I got tempted and ate it soon as I got home  I had a chocolate velvet &amp; ate d mocha"
"0","1467919765","Mon Apr 06 22:48:54 PDT 2009","NO_QUERY","aerlyne","Is stressing out because my blackberry keeps flashing a red alert status for no reason!! Its faking me out and I hate it!!! "
"4","1467922983","Mon Apr 06 22:49:51 PDT 2009","NO_QUERY","cinnayum","http://twitpic.com/2y34e - I wanna wear my Doc Martens out! Haven't worn them since December. "
"2","1467923235","Mon Apr 06 22:49:55 PDT 2009","NO_QUERY","Bunkermeister","When to the shoe repair shop and the guy could not find my shoes!  So I have to go back and see if he can find them in a couple days. "
"4","1467923247","Mon Apr 06 22:49:55 PDT 2009","NO_QUERY","ScullyorSuz","@B_Barnett I did not really see that coming "
"2","1467923370","Mon Apr 06 22:49:57 PDT 2009","NO_QUERY","xmattxwalkerx","just woke up from the most vivid, sketchy, not-cool dreams of my life. time to stare at the wall with the lights on. "
"0","1467923445","Mon Apr 06 22:49:58 PDT 2009","NO_QUERY","bnycastro","it'll take 3 days for my sister to get her passport "
"4","1467923775","Mon Apr 06 22:50:03 PDT 2009","NO_QUERY","chann16","@nicolerichie OH MY YES!! i miss "
"0","1467924273","Mon Apr 06 22:50:11 PDT 2009","NO_QUERY","xll00llx","Uh oh... I think I am getting sick "
"0","1467924690","Mon Apr 06 22:50:17 PDT 2009","NO_QUERY","FlyRice","Good GOD they ruined my belly button!!!  "
"0","1467924823","Mon Apr 06 22:50:19 PDT 2009","NO_QUERY","ashleyjanne","Watching Who Framed Roger Rabbit. Makes me miss Toon Town. "
"2","1467925327","Mon Apr 06 22:50:28 PDT 2009","NO_QUERY","br3nda","@akianz renting.. but very cheap renting, and awesome house. We had 3 buying attempts fall through "
"2","1467925657","Mon Apr 06 22:50:34 PDT 2009","NO_QUERY","aisyahsamsudin","running nose + spinning head = not a good combination for a meeting! "
"0","1467926153","Mon Apr 06 22:50:43 PDT 2009","NO_QUERY","IGetsBusy514","@EazyDoesIt87 NEGATIVE.. you lost my vote of confidence "
"0","1467926444","Mon Apr 06 22:50:48 PDT 2009","NO_QUERY","ElliotTucker","Nasty budget due and my iphone is being sent to Apple today. "
"4","1467926546","Mon Apr 06 22:50:49 PDT 2009","NO_QUERY","aragorn_elessar","@Sofii_Noel that�s bad "
"0","1467926632","Mon Apr 06 22:50:51 PDT 2009","NO_QUERY","kailashvasupati","Dammit, episode 3 of Kings won't play for some reason  stopped in the middle now won't do anything"
"0","1467927016","Mon Apr 06 22:50:58 PDT 2009","NO_QUERY","TK04","I'm so upset that I missed my chat and quiz online because my free internet has ceased "
"4","1467927126","Mon Apr 06 22:51:00 PDT 2009","NO_QUERY","missria","can't believe it! I'm in disbelief of it all in a way really. How much can I take from people and always get hurt by others!! "
"2","1467927987","Mon Apr 06 22:51:13 PDT 2009","NO_QUERY","FuhQ","Car show season has started without me "
"2","1467928014","Mon Apr 06 22:51:14 PDT 2009","NO_QUERY","brivonboo","my throat is raw. "
"2","1467928037","Mon Apr 06 22:51:17 PDT 2009","NO_QUERY","leamonet","@KevChoice I just don't get it. What in a persons mind could even have them on some ish like this???  My prayers are with her fam for real"
"0","1467928300","Mon Apr 06 22:51:19 PDT 2009","NO_QUERY","sonnyjohl","@frago I hate you. I didn't need to see that. I need to call my therapist now. "
"4","1467928490","Mon Apr 06 22:51:24 PDT 2009","NO_QUERY","JRDM","Twilight didn't come yesterday  fingers crossed for today"
"4","1467928676","Mon Apr 06 22:51:25 PDT 2009","NO_QUERY","latoyanlegania","@NileLegania glad I was able help you feel better. I hate to see you sick  Love you!"
"2","1467928749","Mon Apr 06 22:51:26 PDT 2009","NO_QUERY","calliott","is tireddddddd. want to sleep but i have an assignment to finish and an exam tomorrow to study for "
"2","1467928764","Mon Apr 06 22:51:27 PDT 2009","NO_QUERY","you_undaft_cow","You know, I was thinking... I need money "
"4","1467929184","Mon Apr 06 22:51:33 PDT 2009","NO_QUERY","diver","omg..its jst teusday "
"2","1467929230","Mon Apr 06 22:51:34 PDT 2009","NO_QUERY","toritor11","@ddlovato @David_Henrie ummmmm i cant find it. "
"0","1467929248","Mon Apr 06 22:51:34 PDT 2009","NO_QUERY","SHARisDOPE","Just heard that they found Sandra Cantu... She was only 8 yrs old "
"2","1467929601","Mon Apr 06 22:51:40 PDT 2009","NO_QUERY","auntynessanoo","@corrosivecandy Ive forgotten how to snoo-snoo  I wonder if snoo-snoo and I will ever meet again..."
"4","1467929809","Mon Apr 06 22:51:44 PDT 2009","NO_QUERY","linnix","@AmaNorris wow that last tweet made me seem like a giant sexist...sorry about that "
"2","1467929915","Mon Apr 06 22:51:46 PDT 2009","NO_QUERY","zeegirl602","My bathtub drain is fired: it haz 1 job 2 do, &amp; it iz FAIL. I got all Drano on its ass, &amp; iz STILL NOT DRAINING. I wanna shower, dangit!! "
"0","1467930017","Mon Apr 06 22:51:48 PDT 2009","NO_QUERY","Glycel","stuck at home "
"2","1467930083","Mon Apr 06 22:51:49 PDT 2009","NO_QUERY","sweisbrot","@nomadicmatt mine is 1/10  how do you get it up?"
"0","1467930157","Mon Apr 06 22:51:50 PDT 2009","NO_QUERY","sunshinegarma","Duckling in famous children's book stolen from Boston's Public Garden - The Boston Globe http://tinyurl.com/dc2htx via @ShareThis OH NO!! "
"0","1467930220","Mon Apr 06 22:51:51 PDT 2009","NO_QUERY","TradingGoddess","@Appomattox_News Thank you! However, I hate to be on the same list that includes 2 convicts.  "
"2","1467930309","Mon Apr 06 22:51:52 PDT 2009","NO_QUERY","robbiebrown","Heading to Altrincham, again! Out of hours install "
"2","1467930341","Mon Apr 06 22:51:53 PDT 2009","NO_QUERY","GemDoughnut","MORNING!!! Good im bloody knackered!!! Work is not for me today  HELPPP!!!! xxx"
"4","1467930699","Mon Apr 06 22:51:59 PDT 2009","NO_QUERY","glorysevenfold","@jeffreecuntstar  I don't have a garage.  But you can park in my driveway!"
"2","1467931027","Mon Apr 06 22:52:07 PDT 2009","NO_QUERY","enfox","@lauredhel  What happened?"
"2","1467931070","Mon Apr 06 22:52:06 PDT 2009","NO_QUERY","calee01","&quot;On popular music&quot; by T.W.Adorno is probably the most difficult reading ever prescribed, I'm actually struggling to continue "
"4","1467931396","Mon Apr 06 22:52:11 PDT 2009","NO_QUERY","utehbaik","http://twitpic.com/2y36e - cant see the flowers falling  i dont have a camera, just my cellphone"
"2","1467931501","Mon Apr 06 22:52:13 PDT 2009","NO_QUERY","soulonfire68","We've been good. I'm not liking the snow right now, was getting used to the nice Spring-like weather.  How about you?"
"2","1467931736","Mon Apr 06 22:52:19 PDT 2009","NO_QUERY","Gordie_Rogers","@brian_armstrong What a pity YouTube is currently blocked in China.  I can't see the vids. "
"4","1467931839","Mon Apr 06 22:52:18 PDT 2009","NO_QUERY","dmurda6","@margaretcho what happened to your show it was the hightlight of my life "
"4","1467931983","Mon Apr 06 22:52:21 PDT 2009","NO_QUERY","terrcin","This is the best leather sofa in the world!  It's in the office though which means I'm still here working "
"2","1467932117","Mon Apr 06 22:52:23 PDT 2009","NO_QUERY","stewartizer","Still 3 more days until my Internet gets uncapped "
"2","1467932208","Mon Apr 06 22:52:25 PDT 2009","NO_QUERY","rachelgab","If he doesn't get better in a few days, he could have something lodged in his belly "
"2","1467932372","Mon Apr 06 22:52:27 PDT 2009","NO_QUERY","baybiegela","i Love my atekinzz so much. &amp;&amp; i soo miss her.. "
"4","1467932549","Mon Apr 06 22:52:31 PDT 2009","NO_QUERY","erynfreakincody","I wanna sneak into the zoo and play with the kitties "
"0","1467932979","Mon Apr 06 22:52:38 PDT 2009","NO_QUERY","xkhaotik","@lolitariot oh no  hope you're not getting sick too!"
"2","1467933048","Mon Apr 06 22:52:39 PDT 2009","NO_QUERY","stacymartinez","@alejandralei i dont think i can cause its my cousins birthday party "
"4","1467933102","Mon Apr 06 22:52:42 PDT 2009","NO_QUERY","chelseajohns","Our sweet little man just fell asleep while waiting up for daddy and big brother to get home!  Poor baby, he missed them so much today!"
"2","1467933112","Mon Apr 06 22:52:40 PDT 2009","NO_QUERY","elenasarmie","the angel is going to miss the athlete this weekend "
"4","1467933295","Mon Apr 06 22:52:44 PDT 2009","NO_QUERY","funkyfreshbabe","trust is hard "
"2","1467933494","Mon Apr 06 22:52:47 PDT 2009","NO_QUERY","AlexKayy","have watched that considering today. yaknow. shawnna tomomorrow;i need my bestfriend "
"4","1467933623","Mon Apr 06 22:52:50 PDT 2009","NO_QUERY","xemilyxmariex","Grr i want to keep reading but if i do i wont have anything left to read "
"0","1467933662","Mon Apr 06 22:52:50 PDT 2009","NO_QUERY","baybiegela","atekinzz, where in the world are you?? "
"2","1467933685","Mon Apr 06 22:52:51 PDT 2009","NO_QUERY","FAKELeah","@RumLover No! u supposed to be my date "
"4","1467934004","Mon Apr 06 22:52:56 PDT 2009","NO_QUERY","malice_sin","pears &amp; Brie, bottle of Cabernet, and &quot;Win a Date With Tad Hamilton&quot;... oh gawwd my life flashed forward to when I'm 40 with my 75 cats "
"0","1467934184","Mon Apr 06 22:52:59 PDT 2009","NO_QUERY","wx1901","Crap. I need more dresses too. "
"0","1467934481","Mon Apr 06 22:53:04 PDT 2009","NO_QUERY","missb2818","@kaeeeep yeah! i know! it was horrible!!!! ugh. saddening. "
"2","1467934606","Mon Apr 06 22:53:06 PDT 2009","NO_QUERY","fictillius","@Brodhe geez ur no fun are you "
"4","1467935121","Mon Apr 06 22:53:14 PDT 2009","NO_QUERY","SicklyInfected","I wanna be in a punk rock band again "
"2","1467935189","Mon Apr 06 22:53:15 PDT 2009","NO_QUERY","AshleighF","@jyesmith That's a lot of angst for a Tuesday afternoon "
"0","1467836583","Mon Apr 06 22:26:29 PDT 2009","NO_QUERY","homeworld","@stark YOU don't follow me, either  and i work for you!"
"2","1467836859","Mon Apr 06 22:26:33 PDT 2009","NO_QUERY","willy_chaz","A bad nite for the favorite teams: Astros and Spartans lose.  The nite out with T.W. was good."
"4","1467836873","Mon Apr 06 22:26:33 PDT 2009","NO_QUERY","LeakySpoon"," Body Of Missing Northern Calif. Girl Found: Police have found the remains of a missing Northern California girl .. http://tr.im/imji"
"2","1467837189","Mon Apr 06 22:26:38 PDT 2009","NO_QUERY","cityrat59","@mangaaa I hope they will increase the capacity fast, yesterday was such a pain. Got the fail whale +15 times in 2 hours.... "
"2","1467837384","Mon Apr 06 22:26:42 PDT 2009","NO_QUERY","kenandise","Behind on my classes for work "
"2","1467837470","Mon Apr 06 22:26:43 PDT 2009","NO_QUERY","annette414","watching &quot;House&quot; "
"0","1467837579","Mon Apr 06 22:26:45 PDT 2009","NO_QUERY","blackheartbunny","@kpreyes Remember my bum leg? Strikes back this time its serious "
"2","1467837602","Mon Apr 06 22:26:45 PDT 2009","NO_QUERY","GetGary","@paradisej cool, i will. their are all kinds of complaints about this laptop online about overheating, but no recalls "
"4","1467837762","Mon Apr 06 22:26:48 PDT 2009","NO_QUERY","Dogbook","Emily will be glad when Mommy is done training at her new job. She misses her.  http://apps.facebook.com/dogbook/profile/view/6176014"
"0","1467837819","Mon Apr 06 22:26:49 PDT 2009","NO_QUERY","SimoniNicole","would rather the first party send bad messages than the 3rd party send mixed ones  Sophmore year all over again?"
"0","1467837888","Mon Apr 06 22:26:52 PDT 2009","NO_QUERY","wireandroses","@Henkuyinepu it's overrated "
"2","1467838188","Mon Apr 06 22:26:54 PDT 2009","NO_QUERY","jess_higley","@marykatherine_q i know! I heard it this afternoon and wondered the same thing. Moscow is so behind the times "
"0","1467838189","Mon Apr 06 22:26:54 PDT 2009","NO_QUERY","missannabanana","laying in bed with no voice.. "
"0","1467838362","Mon Apr 06 22:26:57 PDT 2009","NO_QUERY","Zella17","I'm sooo sad!!! they killed off Kutner on House  whyyyyyyyy"
"4","1467838419","Mon Apr 06 22:27:00 PDT 2009","NO_QUERY","polarna10","@jacobsummers Sorry  tell them mea culpa from me and that I really am sorry."
"0","1467838433","Mon Apr 06 22:26:58 PDT 2009","NO_QUERY","megan_rice","@Alliana07 it didn't make any sense to me, the suicide thing. I refuse to believe that that is actually what happened. "
"4","1467838630","Mon Apr 06 22:27:02 PDT 2009","NO_QUERY","ashleyirvin","@salancaster  hope your ok."
"4","1467839007","Mon Apr 06 22:27:08 PDT 2009","NO_QUERY","eyezup","@mercedesashley Damn! The grind is inspirational and saddening at the same time.  Don't want you to stop cuz I like what u do! Much love"
"0","1467839405","Mon Apr 06 22:27:15 PDT 2009","NO_QUERY","Jonas_Dreamgirl","@HibaNick yeah aw but i know i wudnt stand a chance "
"2","1467839450","Mon Apr 06 22:27:16 PDT 2009","NO_QUERY","BreannaBonana","ugh. cant sleep. its 1:30am. "
"0","1467839477","Mon Apr 06 22:27:16 PDT 2009","NO_QUERY","becklyn13","Hanging in Crooners. Wanna sing. Can't. Sucks. "
"0","1467839586","Mon Apr 06 22:27:18 PDT 2009","NO_QUERY","sonyolmos","@eRRe_sC aaw i miss ya all too.. im leaving to BH tomorrow &quot;morning&quot; i think.. aww i wanna go to the beach w u girls!! "
"0","1467839737","Mon Apr 06 22:27:21 PDT 2009","NO_QUERY","JenBah","Is pissed off that there's no ASBA's for a radio station. "
"2","1467839816","Mon Apr 06 22:27:22 PDT 2009","NO_QUERY","viviana09","wednesday my b-day n don't know what 2 do!  "
"2","1467840016","Mon Apr 06 22:27:25 PDT 2009","NO_QUERY","BustaBusta","I know my life has been flipped upside down when I just thought in my head that some Ramen sounds good. "
"0","1467840386","Mon Apr 06 22:27:31 PDT 2009","NO_QUERY","MadameCrow","I am in pain. My back and sides hurt. Not to mention crying is made of fail. "
"0","1467840552","Mon Apr 06 22:27:34 PDT 2009","NO_QUERY","weefranniev","Late night snack, glass of OJ b/c I'm &quot;down with the sickness&quot;, then back to sleep...ugh I hate getting sick... "
"2","1467840629","Mon Apr 06 22:27:35 PDT 2009","NO_QUERY","ikimmyy","@allyheman but.. but.. but.. I'm not a big fan on camilla belle "
"0","1467841189","Mon Apr 06 22:27:45 PDT 2009","NO_QUERY","yolie81","@grum WAH I can't see clip, must be el-stupido work filters. Can't wait 'till I get a 'puter. Something else 2 blame ex 4. He broke mine "
"0","1467841204","Mon Apr 06 22:27:45 PDT 2009","NO_QUERY","spacks","This week just seems to get longer and longer in terms of how much I need to do.. and how much I'm actually going to get done "
"2","1467841832","Mon Apr 06 22:27:55 PDT 2009","NO_QUERY","bgoers","I'm so cold "
"0","1467841885","Mon Apr 06 22:27:56 PDT 2009","NO_QUERY","MissPassion","@thecoolestout Ehhh don't. Weather's gonna take a turn for the ugly tomorrow "
"4","1467841897","Mon Apr 06 22:27:56 PDT 2009","NO_QUERY","aaronrothe","@chelserlynn haha its so cooooold in the d! and no  but you should still go to the show. they do some incredible stuff"
"4","1467841969","Mon Apr 06 22:27:57 PDT 2009","NO_QUERY","ilikeoreos","Hoping the tummy rumbles go away soon "
"4","1467842107","Mon Apr 06 22:28:02 PDT 2009","NO_QUERY","wiccabuffy","@Knights_ No, no notice. They told me I'd be working tomorrow, and then I called the agency to follow up and they said it was over. "
"2","1467842299","Mon Apr 06 22:28:03 PDT 2009","NO_QUERY","HiKeri","almost bedtime "
"2","1467842377","Mon Apr 06 22:28:04 PDT 2009","NO_QUERY","bnr0201","I'm missing you babe..  but as long as your alive I'm happy.. Yawwwnn.. I'm tired my love imma try to sleep hopefully you had a headstart"
"0","1467842448","Mon Apr 06 22:28:05 PDT 2009","NO_QUERY","R_Boucher","Agh...snow!!! "
"0","1467842568","Mon Apr 06 22:28:07 PDT 2009","NO_QUERY","josiahmcdermott","i miss kenny powers "
"0","1467842607","Mon Apr 06 22:28:09 PDT 2009","NO_QUERY","VanessaSingline","@BridgetsBeaches Thank you for letting people know, but now I'm sad that the direct message I got wasn't actually from Bridget "
"4","1467842832","Mon Apr 06 22:28:11 PDT 2009","NO_QUERY","varunkumar","...and, India missed out its 100th Test victory n 10th consecutive win without a loss. "
"0","1467842837","Mon Apr 06 22:28:11 PDT 2009","NO_QUERY","JenniOnTheBlock","@JonathanRKnight I guess that's a no then. "
"0","1467843075","Mon Apr 06 22:28:15 PDT 2009","NO_QUERY","darkninja757","sadly is going to bed. "
"0","1467843215","Mon Apr 06 22:28:18 PDT 2009","NO_QUERY","mikecogh","@ozesteph1992 Shame to hear this Stephan "
"2","1467843470","Mon Apr 06 22:28:21 PDT 2009","NO_QUERY","KandiConnection","@mrsaintnick hey! i'm leavin in the morning... "
"0","1467843568","Mon Apr 06 22:28:23 PDT 2009","NO_QUERY","joechummer","Was intending to finish editing my 536-page novel manuscript tonight, but that will probably not happen. And only 12 pages are left "
"0","1467843624","Mon Apr 06 22:28:24 PDT 2009","NO_QUERY","kellireneez","laid around too much today... now my head hurts "
"2","1467843647","Mon Apr 06 22:28:24 PDT 2009","NO_QUERY","treehugger25","@twista202 I still haven't read the 9th&amp;10th Princess diaries  Saving Francesca made me cry at the end. Hmm those are easy books."
"0","1467843734","Mon Apr 06 22:28:26 PDT 2009","NO_QUERY","chatpataa","my nokia 1110 died..  "
"0","1467843740","Mon Apr 06 22:28:26 PDT 2009","NO_QUERY","ThisStoutjunt","My mom might have breast cancer won't find out anything for. Like a week I'm so worried! "
"4","1467844097","Mon Apr 06 22:28:33 PDT 2009","NO_QUERY","sew_cute","Going to sleep. Hoping tomorrow is a better day. "
"4","1467844140","Mon Apr 06 22:28:32 PDT 2009","NO_QUERY","Twokids1","@rumblepurr lol.. wish they understood daylight savings has ended though and breakfast is an hour later  They keep waking the kids up too"
"0","1467844157","Mon Apr 06 22:28:32 PDT 2009","NO_QUERY","AKyarnie","@onemoreproject that is lame "
"2","1467844505","Mon Apr 06 22:28:38 PDT 2009","NO_QUERY","luimoral85","I don't understand... I really don't "
"0","1467844540","Mon Apr 06 22:28:38 PDT 2009","NO_QUERY","ceironous","HEROES just isn't doing it for me this season... "
"0","1467844907","Mon Apr 06 22:28:45 PDT 2009","NO_QUERY","brandonmcb","Living not downtown sure isn't much fun.  "
"0","1467845095","Mon Apr 06 22:28:48 PDT 2009","NO_QUERY","mannyrique","@jonathanchard Not calorie wise   I wish junk food was calorie free! I ate a thing of sour skittles and a big ass cherry coke!"
"0","1467845157","Mon Apr 06 22:28:51 PDT 2009","NO_QUERY","styletrain","Man Work is Hard "
"2","1467852031","Mon Apr 06 22:30:34 PDT 2009","NO_QUERY","kscud","getting sick  time for some hot tea, studying, and then sleeeep"
"0","1467852067","Mon Apr 06 22:30:34 PDT 2009","NO_QUERY","kirstenj0y","Getting eyebrows waxed. More pain "
"2","1467852789","Mon Apr 06 22:30:45 PDT 2009","NO_QUERY","marculus","No phantasy star yesterday  going to work..."
"4","1467853135","Mon Apr 06 22:30:50 PDT 2009","NO_QUERY","andrewofthediaz","Oh - Just got all my MacHeist 3.0 apps - sweet. Didn't get the Espresso serial no though although they said they sent it - oh well "
"0","1467853356","Mon Apr 06 22:30:54 PDT 2009","NO_QUERY","dbmendel","Picked Mich St to win it all from the get go.  Was feeling pretty good about that pick all the way up until......tonight.  A's lost too "
"2","1467853431","Mon Apr 06 22:30:55 PDT 2009","NO_QUERY","erks","is alone downstairs...working "
"0","1467853479","Mon Apr 06 22:30:56 PDT 2009","NO_QUERY","ringleaderkanon","I feel bad for doing it "
"0","1467854062","Mon Apr 06 22:31:05 PDT 2009","NO_QUERY","babibabs","@RyanSeacrest is it just me, or she hates anoop. i mean seriously, she's kinda mean to him. "
"2","1467854345","Mon Apr 06 22:31:09 PDT 2009","NO_QUERY","ace587","@pinkserendipity yes sprint has 4g only in baltimore and chicago so far "
"0","1467854706","Mon Apr 06 22:31:15 PDT 2009","NO_QUERY","ktribb80","I'm stuck awake in the middle of the night for the second day in a row. And I felt terrible yesterday. "
"0","1467854917","Mon Apr 06 22:31:18 PDT 2009","NO_QUERY","OliviaFox","Thanks for bursting my bubble "
"2","1467855673","Mon Apr 06 22:31:29 PDT 2009","NO_QUERY","IluvJoelMadden","Going to school soon... can't find anything to wear!! gosh it's so hard "
"4","1467855812","Mon Apr 06 22:31:31 PDT 2009","NO_QUERY","easyausguy","@marieclr I was serious  LOL"
"0","1467855981","Mon Apr 06 22:31:37 PDT 2009","NO_QUERY","Hollywood_Trey","@naughtyhaughty I had on my page for sooooo long!!! Until it got deleted  Sad day in history"
"2","1467856044","Mon Apr 06 22:31:35 PDT 2009","NO_QUERY","EcoTravelTV","Crazy wind today = no birding  http://ff.im/1XTTi"
"2","1467856352","Mon Apr 06 22:31:40 PDT 2009","NO_QUERY","AshaleaMay","currently at work.. "
"0","1467856426","Mon Apr 06 22:31:41 PDT 2009","NO_QUERY","AthenaA42","Grrr.. my ipods acting weird too! Jai ho and thinking of you aren't playing the full songs.. ughh. "
"0","1467856497","Mon Apr 06 22:31:43 PDT 2009","NO_QUERY","Missy__","@penndbad send me the DVD cos I have missed out on heaps  NOT happy about that!"
"2","1467856632","Mon Apr 06 22:31:45 PDT 2009","NO_QUERY","BrettFair","i don't see the big deal with this website "
"0","1467856821","Mon Apr 06 22:31:48 PDT 2009","NO_QUERY","mydwynter","@machineplay I'm so sorry you're having to go through this. Again.  #therapyfail"
"2","1467856919","Mon Apr 06 22:31:50 PDT 2009","NO_QUERY","jhenkens","@ColinDeMar Far too out of the way for rail.  any other tips?"
"2","1467857221","Mon Apr 06 22:31:54 PDT 2009","NO_QUERY","sarah_katie","I'm not still up I swear. Why do I keep losing. gaining. losing. gaining. tweeps?  So heart wrenching."
"4","1467857297","Mon Apr 06 22:31:56 PDT 2009","NO_QUERY","amanda5280","Today I realized I am too good at hiding things, even I can't find it "
"0","1467857378","Mon Apr 06 22:31:57 PDT 2009","NO_QUERY","Shabbybebe","Staying at a friends house...house sitting, neighbors are SO loud-having a party "
"0","1467857511","Mon Apr 06 22:31:59 PDT 2009","NO_QUERY","fatkat309","@dannyvegasbaby danny im upset that i wasnt here to watch the live chat  i was in a car. for 3 hours on a trip im soooo upset!!"
"4","1467857722","Mon Apr 06 22:32:02 PDT 2009","NO_QUERY","blackheartbunny","Check out my mug  http://www.erika-obscura.blogspot.com"
"0","1467857975","Mon Apr 06 22:32:06 PDT 2009","NO_QUERY","szrhnds602","Borders closed at 10 "
"4","1467858363","Mon Apr 06 22:32:12 PDT 2009","NO_QUERY","schammy","Downloading NIN's new album &quot;the slip&quot; - when the hell did this come out? I'm so behind the times these days "
"0","1467858627","Mon Apr 06 22:32:16 PDT 2009","NO_QUERY","mariotani","Just woke up an already have written some e-mail... I've to go early at University today as I have to teach at 8:30 AM! "
"0","1467858869","Mon Apr 06 22:32:20 PDT 2009","NO_QUERY","Jaderade14","is watching the hill . . .and its making me sad "
"2","1467859025","Mon Apr 06 22:32:22 PDT 2009","NO_QUERY","LeeseEllen","So many channels.... yet so so boring... lazy day again  may have to find a hobby"
"0","1467859066","Mon Apr 06 22:32:23 PDT 2009","NO_QUERY","FNFKayCee","@supersport I miss my buddy  ill be in NY on the 25th"
"4","1467859408","Mon Apr 06 22:32:28 PDT 2009","NO_QUERY","CaddyStage","@robluketic  love the french. I tell people here in the south i'm qtr. french and they snarl at me.  french are beautiful people"
"4","1467859436","Mon Apr 06 22:32:28 PDT 2009","NO_QUERY","ha_nobita","Opps.. As I said.. I still got one day remain and now problem come "
"4","1467859558","Mon Apr 06 22:32:30 PDT 2009","NO_QUERY","tchviolin","I activated my Selfcontrol block early, meaning I can't check out the new QC.  Regularizing my internal clock is might be difficult. #fb"
"0","1467859666","Mon Apr 06 22:32:31 PDT 2009","NO_QUERY","DreamActivist23","@HillyDoP  oH NO"
"0","1467859820","Mon Apr 06 22:32:36 PDT 2009","NO_QUERY","msbutt3rfly14","spencer is not a good guy. "
"2","1467859922","Mon Apr 06 22:32:35 PDT 2009","NO_QUERY","Karmatical","@goodlaura What about Reese dying on #TTSC? And season finale next week.  #24 boring, Madame President is a crazy woman."
"0","1467860144","Mon Apr 06 22:32:38 PDT 2009","NO_QUERY","Jana1976","@JonathanRKnight I hate the limited letters,too.Hope you and the guys are fine?I pray for my dog,she�s not well "
"0","1467860268","Mon Apr 06 22:32:40 PDT 2009","NO_QUERY","AmyJade","didn't get shit done today ~ i'm so screwed "
"4","1467860895","Mon Apr 06 22:32:50 PDT 2009","NO_QUERY","tantrixie","wanttss to go out "
"2","1467860904","Mon Apr 06 22:32:51 PDT 2009","NO_QUERY","supersharayah","Is not going to sleep tonite. "